Keracyanine	C08620.mol
Vitexin	C01460.mol
Demethoxycurcumin	Demethoxycurcumin2000.mol
Cynarine	C10445.mol
Curcumin	C10443.mol
Scopoletin	C01752.mol
Neochlorogenic acid	C17147.mol
Bacosine	Bacosine-2000.mol
Bacoside A3	Bacoside-A3-2000.mol
Bacopaside X	Bacopaside-X-2000.mol
Bacopaside II	Bacopaside-II-2000.mol
Physcion	C17045.mol
Isosilybin B	C16808.mol
Bergapten	C01557.mol
Silybin B	C07610.mol
Isosilybin A	Isosilybin-A-2000.mol
Xanthotoxin	C01864.mol
Hexahydrocurcumin	C17826.mol
Diosmin	C10039.mol
Oleanolic acid	C17148.mol
(-)-Curcumol	(-)-Curcumol.mol
Hulupinic acid	Hulupinic-acid-2000.mol
Xanthohumol	C16417.mol
Berberine	C00757.mol
Malvin	C08718.mol
Pelargonin	C08725.mol
Carbamazepine	C06868.mol
Azadirachtin	C08748.mol
